Name,Email,Days,Score
Bob,bobRoss@gmail.com,15,21
Gina,ginawill4@gmail.com,20,23
Warner,bRos@gmail.com,23,23
Prisha,prishvish@gmail.com,32,53
Sung,sungSing@gmail.com,34,54
Mark,markie@gmail.com,55,56
Misca,misca4@gmail.com,59,67
Ophelia,ophelia34@gmail.com,67,74
Tia,12tia5@gmail.com,69,89
Konilaven,konimw@gmail.com,72,99
